Category: All categories,,,
,,,
Week,stay at home: (United States),restaurant: (United States),recipe: (United States)
9/1/2019,<1,43,48
9/8/2019,<1,41,45
9/15/2019,<1,43,46
9/22/2019,<1,43,47
9/29/2019,<1,41,46
10/6/2019,<1,42,49
10/13/2019,<1,43,50
10/20/2019,<1,42,51
10/27/2019,<1,40,51
11/3/2019,<1,42,54
11/10/2019,<1,42,55
11/17/2019,<1,40,62
11/24/2019,<1,41,99
12/1/2019,<1,37,51
12/8/2019,<1,41,58
12/15/2019,<1,43,71
12/22/2019,<1,52,100
12/29/2019,<1,52,68
1/5/2020,<1,43,54
1/12/2020,<1,44,54
1/19/2020,<1,48,55
1/26/2020,<1,43,52
2/2/2020,<1,42,49
2/9/2020,<1,50,51
2/16/2020,<1,46,49
2/23/2020,<1,43,47
3/1/2020,<1,43,47
3/8/2020,<1,36,48
3/15/2020,6,34,63
3/22/2020,28,25,77
3/29/2020,27,25,82
4/5/2020,12,26,95
4/12/2020,12,25,89
4/19/2020,15,26,87
4/26/2020,18,27,82
5/3/2020,9,33,81
5/10/2020,12,33,74
5/17/2020,5,33,70
5/24/2020,3,33,69
5/31/2020,3,34,60
6/7/2020,2,39,59
6/14/2020,1,41,61
6/21/2020,1,41,62
6/28/2020,2,40,69
7/5/2020,1,39,61
7/12/2020,1,38,59
7/19/2020,1,39,61
7/26/2020,1,39,60
8/2/2020,<1,39,58
8/9/2020,<1,40,57
8/16/2020,<1,39,54
8/23/2020,<1,37,57
